name,rings,min,game,min/ring,game/rings,min/game
Gene Conley,1,1298.0,84,1298.0,84.0,15.452380952380953
Bob Cousy,3,7761.0,264,2587.0,88.0,29.397727272727273
Gene Guarilia,3,685.0,86,228.33333333333334,28.666666666666668,7.965116279069767
Tom Heinsohn,5,12122.0,431,2424.4,86.2,28.125290023201856
K.C. Jones,6,15110.0,550,2518.3333333333335,91.66666666666667,27.472727272727273
Sam Jones,8,22252.0,711,2781.5,88.875,31.296765119549928
Jim Loscutoff,4,3746.0,304,936.5,76.0,12.322368421052632
Frank Ramsey,4,7599.0,356,1899.75,89.0,21.34550561797753
Bill Russell,8,32244.0,734,4030.5,91.75,43.9291553133515
Thomas Sanders,8,19132.0,725,2391.5,90.625,26.38896551724138
Bill Sharman,1,1799.0,71,1799.0,71.0,25.338028169014084
Carl Braun,1,456.0,54,456.0,54.0,8.444444444444445
Gary Phillips,1,745.0,73,745.0,73.0,10.205479452054794
John Havlicek,8,25610.0,742,3201.25,92.75,34.514824797843666
Clyde Lovellette,2,1085.0,117,542.5,58.5,9.273504273504274
Dan Swartz,1,339.0,40,339.0,40.0,8.475
Johnny McCarthy,1,214.0,29,214.0,29.0,7.379310344827586
Willie Naulls,3,4739.0,253,1579.6666666666667,84.33333333333333,18.731225296442688
Larry Siegfried,5,8995.0,385,1799.0,77.0,23.363636363636363
Ron Bonham,2,710.0,85,355.0,42.5,8.352941176470589
Mel Counts,2,1705.0,135,852.5,67.5,12.62962962962963
Robert Nordmann,1,25.0,3,25.0,3.0,8.333333333333334
John Thompson,2,803.0,80,401.5,40.0,10.0375
Gerry Ward,1,30.0,3,30.0,3.0,10.0
Si Green,1,92.0,10,92.0,10.0,9.2
Don Nelson,5,9641.0,486,1928.2,97.2,19.837448559670783
Woody Sauldsberry,1,530.0,39,530.0,39.0,13.58974358974359
Ron Watts,1,3.0,1,3.0,1.0,3.0
Wilt Chamberlain,2,8572.0,193,4286.0,96.5,44.41450777202073
Larry Costello,1,1001.0,51,1001.0,51.0,19.627450980392158
Billy Cunningham,1,2507.0,96,2507.0,96.0,26.114583333333332
Dave Gambee,1,781.0,68,781.0,68.0,11.485294117647058
Hal Greer,1,3774.0,95,3774.0,95.0,39.72631578947368
Matt Guokas,1,1060.0,84,1060.0,84.0,12.619047619047619
Lucious Jackson,1,2920.0,96,2920.0,96.0,30.416666666666668
Wali Jones,1,2725.0,96,2725.0,96.0,28.385416666666668
Bill Melchionni,1,697.0,74,697.0,74.0,9.41891891891892
Chet Walker,1,3242.0,96,3242.0,96.0,33.770833333333336
Bob Weiss,1,33.0,7,33.0,7.0,4.714285714285714
Wayne Embry,1,1250.0,94,1250.0,94.0,13.297872340425531
Mal Graham,2,914.0,77,457.0,38.5,11.87012987012987
Bailey Howell,2,6476.0,197,3238.0,98.5,32.87309644670051
Johnny Jones,1,485.0,56,485.0,56.0,8.660714285714286
Tom Thacker,1,863.0,82,863.0,82.0,10.524390243902438
Rick Weitzman,1,80.0,28,80.0,28.0,2.857142857142857
Jim Barnes,1,706.0,59,706.0,59.0,11.966101694915254
Emmette Bryant,1,1995.0,98,1995.0,98.0,20.357142857142858
Don Chaney,2,3037.0,126,1518.5,63.0,24.103174603174605
Rich Johnson,1,167.0,33,167.0,33.0,5.0606060606060606
Dick Barnett,2,4017.0,156,2008.5,78.0,25.75
Nate Bowman,1,872.0,99,872.0,99.0,8.808080808080808
Bill Bradley,2,6299.0,185,3149.5,92.5,34.04864864864865
Dave DeBusschere,2,6787.0,192,3393.5,96.0,35.348958333333336
Walt Frazier,2,7820.0,191,3910.0,95.5,40.94240837696335
Wilmer Hosket,1,264.0,41,264.0,41.0,6.439024390243903
Phil Jackson,2,1731.0,97,865.5,48.5,17.84536082474227
Don May,1,245.0,39,245.0,39.0,6.282051282051282
Willis Reed,2,6183.0,185,3091.5,92.5,33.42162162162162
Mike Riordan,1,1973.0,100,1973.0,100.0,19.73
Cazzie Russell,1,1869.0,97,1869.0,97.0,19.2680412371134
Dave Stallworth,1,1650.0,101,1650.0,101.0,16.336633663366335
Johnny Warren,1,294.0,54,294.0,54.0,5.444444444444445
Kareem Abdul-Jabbar,6,20062.0,581,3343.6666666666665,96.83333333333333,34.53012048192771
Lucius Allen,1,1474.0,75,1474.0,75.0,19.653333333333332
Bob Boozer,1,2058.0,94,2058.0,94.0,21.893617021276597
Dick Cunningham,1,764.0,90,764.0,90.0,8.488888888888889
Bob Dandridge,2,6920.0,187,3460.0,93.5,37.00534759358289
Bob Greacen,1,59.0,9,59.0,9.0,6.555555555555555
Jon McGlocklin,1,3382.0,96,3382.0,96.0,35.229166666666664
Oscar Robertson,1,3714.0,95,3714.0,95.0,39.09473684210526
Greg Smith,1,2882.0,96,2882.0,96.0,30.020833333333332
Jeff Webb,1,323.0,38,323.0,38.0,8.5
Marv Winkler,1,22.0,8,22.0,8.0,2.75
Bill Zopf,1,398.0,53,398.0,53.0,7.509433962264151
Elgin Baylor,1,239.0,9,239.0,9.0,26.555555555555557
Jim Cleamons,1,218.0,44,218.0,44.0,4.954545454545454
Leroy Ellis,1,1215.0,87,1215.0,87.0,13.96551724137931
Keith Erickson,1,262.0,15,262.0,15.0,17.466666666666665
Gail Goodrich,1,3615.0,97,3615.0,97.0,37.2680412371134
Happy Hairston,1,3325.0,95,3325.0,95.0,35.0
Jim McMillian,1,3674.0,95,3674.0,95.0,38.67368421052632
Pat Riley,1,1170.0,82,1170.0,82.0,14.268292682926829
Flynn Robinson,1,1079.0,71,1079.0,71.0,15.19718309859155
John Trapp,1,830.0,68,830.0,68.0,12.205882352941176
Jerry West,1,3581.0,92,3581.0,92.0,38.92391304347826
Henry Bibby,1,518.0,61,518.0,61.0,8.491803278688524
John Gianelli,1,571.0,59,571.0,59.0,9.677966101694915
Jerry Lucas,1,2369.0,88,2369.0,88.0,26.920454545454547
Dean Meminger,1,1776.0,97,1776.0,97.0,18.309278350515463
Earl Monroe,1,2874.0,91,2874.0,91.0,31.582417582417584
Luke Rackley,1,2.0,1,2.0,1.0,2.0
Tom Riker,1,65.0,14,65.0,14.0,4.642857142857143
Harthorne Wingo,1,71.0,16,71.0,16.0,4.4375
Dave Cowens,2,8023.0,194,4011.5,97.0,41.355670103092784
Steve Downing,1,141.0,25,141.0,25.0,5.64
Hank Finkel,1,473.0,68,473.0,68.0,6.955882352941177
Phil Hankinson,1,168.0,30,168.0,30.0,5.6
Steve Kuberski,1,1054.0,87,1054.0,87.0,12.114942528735632
Paul Silas,3,8951.0,298,2983.6666666666665,99.33333333333333,30.036912751677853
Paul Westphal,1,1406.0,100,1406.0,100.0,14.06
Jojo White,2,8051.0,200,4025.5,100.0,40.255
Arthur Williams,1,713.0,79,713.0,79.0,9.025316455696203
Rick Barry,1,3961.0,97,3961.0,97.0,40.83505154639175
Butch Beard,1,2969.0,99,2969.0,99.0,29.98989898989899
Steve Bracey,1,354.0,46,354.0,46.0,7.695652173913044
Derrek Dickey,1,2116.0,95,2116.0,95.0,22.273684210526316
Charles Dudley,1,868.0,80,868.0,80.0,10.85
Charlie Johnson,1,2679.0,96,2679.0,96.0,27.90625
George Johnson,1,1760.0,99,1760.0,99.0,17.77777777777778
Frank Kendrick,1,121.0,24,121.0,24.0,5.041666666666667
Jeff Mullins,1,1454.0,83,1454.0,83.0,17.518072289156628
Clifford Ray,1,3014.0,99,3014.0,99.0,30.444444444444443
Phil Smith,1,1290.0,90,1290.0,90.0,14.333333333333334
Jamaal Wilkes,4,10983.0,335,2745.75,83.75,32.78507462686567
Jerome Anderson,1,131.0,26,131.0,26.0,5.038461538461538
Jim Ard,1,963.0,97,963.0,97.0,9.927835051546392
Tom Boswell,1,278.0,38,278.0,38.0,7.315789473684211
Glenn McDonald,1,1087.0,88,1087.0,88.0,12.352272727272727
Charlie Scott,1,3545.0,100,3545.0,100.0,35.45
Ed Searcy,1,12.0,4,12.0,4.0,3.0
Kevin Stacom,1,1309.0,94,1309.0,94.0,13.925531914893616
Corky Calhoun,1,837.0,82,837.0,82.0,10.207317073170731
Johnny Davis,1,1887.0,95,1887.0,95.0,19.86315789473684
Herm Gilliam,1,1960.0,98,1960.0,98.0,20.0
Bob Gross,1,2815.0,101,2815.0,101.0,27.871287128712872
Lionel Hollins,1,2906.0,95,2906.0,95.0,30.589473684210525
Robin Jones,1,1170.0,82,1170.0,82.0,14.268292682926829
Maurice Lucas,1,3594.0,98,3594.0,98.0,36.673469387755105
Clyde Mayes,1,52.0,9,52.0,9.0,5.777777777777778
Lloyd Neal,1,1161.0,77,1161.0,77.0,15.077922077922079
Larry Steele,1,1941.0,99,1941.0,99.0,19.606060606060606
Dave Twardzik,1,2291.0,88,2291.0,88.0,26.03409090909091
Wally Walker,2,1764.0,149,882.0,74.5,11.838926174496644
Bill Walton,2,4856.0,180,2428.0,90.0,26.977777777777778
Greg Ballard,1,1179.0,95,1179.0,95.0,12.410526315789474
Phil Chenier,1,937.0,36,937.0,36.0,26.02777777777778
Kevin Grevey,1,2705.0,102,2705.0,102.0,26.519607843137255
Elvin Hayes,1,4114.0,102,4114.0,102.0,40.333333333333336
Tom Henderson,1,2912.0,96,2912.0,96.0,30.333333333333332
Mitch Kupchak,3,3997.0,188,1332.3333333333333,62.666666666666664,21.26063829787234
Joe Pace,1,490.0,58,490.0,58.0,8.448275862068966
Wes Unseld,1,3321.0,98,3321.0,98.0,33.88775510204081
Phil Walker,1,401.0,44,401.0,44.0,9.113636363636363
Larry Wright,1,1868.0,91,1868.0,91.0,20.52747252747253
Dennis Awtrey,1,899.0,79,899.0,79.0,11.379746835443038
Fred Brown,1,2221.0,94,2221.0,94.0,23.627659574468087
Lars Hansen,1,205.0,15,205.0,15.0,13.666666666666666
Joey Hassett,1,478.0,63,478.0,63.0,7.587301587301587
Dennis Johnson,3,10318.0,295,3439.3333333333335,98.33333333333333,34.97627118644068
John Johnson,1,3001.0,99,3001.0,99.0,30.31313131313131
Tom LaGarde,1,575.0,23,575.0,23.0,25.0
Jackie Robinson,1,105.0,12,105.0,12.0,8.75
Lonnie Shelton,1,2724.0,93,2724.0,93.0,29.29032258064516
Jack Sikma,1,3613.0,99,3613.0,99.0,36.494949494949495
Dick Snyder,1,624.0,65,624.0,65.0,9.6
Gus Williams,1,2885.0,93,2885.0,93.0,31.021505376344088
Marty Byrnes,1,202.0,36,202.0,36.0,5.611111111111111
Jim Chones,1,2833.0,98,2833.0,98.0,28.908163265306122
Michael Cooper,5,12863.0,474,2572.6,94.8,27.137130801687764
Spencer Haywood,1,1689.0,87,1689.0,87.0,19.413793103448278
Brad Holland,1,229.0,47,229.0,47.0,4.872340425531915
Magic Johnson,5,17646.0,475,3529.2,95.0,37.14947368421053
Norm Nixon,2,7447.0,194,3723.5,97.0,38.38659793814433
Nate Archibald,1,3450.0,97,3450.0,97.0,35.56701030927835
Larry Bird,3,11861.0,301,3953.6666666666665,100.33333333333333,39.40531561461794
M.L. Carr,2,1610.0,134,805.0,67.0,12.014925373134329
Eric Fernsten,1,293.0,53,293.0,53.0,5.528301886792453
Chris Ford,1,3230.0,99,3230.0,99.0,32.62626262626262
Gerald Henderson,3,5023.0,264,1674.3333333333333,88.0,19.026515151515152
Wayne Kreklow,1,100.0,25,100.0,25.0,4.0
Cedric Maxwell,2,6582.0,201,3291.0,100.5,32.74626865671642
Kevin McHale,3,8332.0,290,2777.3333333333335,96.66666666666667,28.73103448275862
Robert Parish,4,10108.0,346,2527.0,86.5,29.213872832369944
Rick Robey,1,1834.0,99,1834.0,99.0,18.525252525252526
Jim Brewer,1,1023.0,79,1023.0,79.0,12.949367088607595
Clay Johnson,1,103.0,14,103.0,14.0,7.357142857142857
Eddie Jordan,1,614.0,61,614.0,61.0,10.065573770491802
Mark Landsberger,1,1194.0,84,1194.0,84.0,14.214285714285714
Bob McAdoo,2,2786.0,140,1393.0,70.0,19.9
Mike McGee,2,1792.0,136,896.0,68.0,13.176470588235293
Kevin McKenna,1,237.0,36,237.0,36.0,6.583333333333333
Kurt Rambis,4,6162.0,363,1540.5,90.75,16.975206611570247
Maurice Cheeks,1,2946.0,92,2946.0,92.0,32.02173913043478
Earl Cureton,2,1142.0,90,571.0,45.0,12.688888888888888
Franklin Edwards,1,1367.0,93,1367.0,93.0,14.698924731182796
Julius Erving,1,2914.0,85,2914.0,85.0,34.28235294117647
Marc Iavaroni,1,1895.0,93,1895.0,93.0,20.376344086021504
Clemon Johnson,1,2107.0,95,2107.0,95.0,22.178947368421053
Reggie Johnson,1,1573.0,84,1573.0,84.0,18.726190476190474
Bobby Jones,1,2073.0,86,2073.0,86.0,24.1046511627907
Moses Malone,1,3456.0,91,3456.0,91.0,37.97802197802198
Mark McNamara,1,184.0,38,184.0,38.0,4.842105263157895
Clint Richardson,1,2074.0,90,2074.0,90.0,23.044444444444444
Andrew Toney,1,2832.0,93,2832.0,93.0,30.451612903225808
Danny Ainge,2,4466.0,188,2233.0,94.0,23.75531914893617
Quinn Buckner,1,1517.0,102,1517.0,102.0,14.872549019607844
Carlos Clark,1,147.0,39,147.0,39.0,3.769230769230769
Greg Kite,2,777.0,123,388.5,61.5,6.317073170731708
Scott Wedman,2,2686.0,176,1343.0,88.0,15.261363636363637
Earl Jones,1,7.0,2,7.0,2.0,3.5
Ronnie Lester,1,332.0,41,332.0,41.0,8.097560975609756
Chuck Nevitt,2,105.0,22,52.5,11.0,4.7727272727272725
Byron Scott,3,10172.0,305,3390.6666666666665,101.66666666666667,33.350819672131145
Larry Spriggs,1,1522.0,91,1522.0,91.0,16.725274725274726
James Worthy,3,10373.0,298,3457.6666666666665,99.33333333333333,34.808724832214764
Rick Carlisle,1,814.0,87,814.0,87.0,9.35632183908046
Jerry Sichting,1,1870.0,100,1870.0,100.0,18.7
David Thirdkill,1,432.0,62,432.0,62.0,6.967741935483871
Sam Vincent,1,473.0,66,473.0,66.0,7.166666666666667
Sly Williams,1,54.0,6,54.0,6.0,9.0
Adrian Branch,1,261.0,43,261.0,43.0,6.069767441860465
A.C. Green,3,8465.0,308,2821.6666666666665,102.66666666666667,27.483766233766232
Wes Matthews,2,1326.0,123,663.0,61.5,10.78048780487805
Mike Smrek,2,721.0,101,360.5,50.5,7.138613861386139
Mychal Thompson,2,4913.0,204,2456.5,102.0,24.083333333333332
Billy Thompson,2,827.0,71,413.5,35.5,11.647887323943662
Tony Campbell,1,336.0,28,336.0,28.0,12.0
Jeff Lamp,1,7.0,3,7.0,3.0,2.3333333333333335
Ray Tolbert,1,259.0,25,259.0,25.0,10.36
Milt Wagner,1,394.0,45,394.0,45.0,8.755555555555556
Mark Aguirre,2,5503.0,195,2751.5,97.5,28.22051282051282
Darryl Dawkins,1,48.0,14,48.0,14.0,3.4285714285714284
Fennis Dembo,1,78.0,33,78.0,33.0,2.3636363636363638
Joe Dumars,2,6360.0,181,3180.0,90.5,35.13812154696133
James Edwards,3,4692.0,229,1564.0,76.33333333333333,20.489082969432314
Steve Harris,1,7.0,3,7.0,3.0,2.3333333333333335
Vinnie Johnson,2,4880.0,201,2440.0,100.5,24.27860696517413
Bill Laimbeer,2,6479.0,199,3239.5,99.5,32.55778894472362
John Long,1,927.0,72,927.0,72.0,12.875
Rick Mahorn,1,2155.0,89,2155.0,89.0,24.213483146067414
Dennis Rodman,5,14325.0,457,2865.0,91.4,31.345733041575492
John Salley,4,5450.0,307,1362.5,76.75,17.752442996742673
Isiah Thomas,2,7308.0,198,3654.0,99.0,36.90909090909091
Micheal Williams,1,364.0,53,364.0,53.0,6.867924528301887
William Bedford,1,265.0,47,265.0,47.0,5.638297872340425
David Greenwood,1,252.0,42,252.0,42.0,6.0
Scott Hastings,1,182.0,45,182.0,45.0,4.044444444444444
Stan Kimbrough,1,50.0,10,50.0,10.0,5.0
B.J. Armstrong,3,7448.0,304,2482.6666666666665,101.33333333333333,24.5
Bill Cartwright,3,6564.0,264,2188.0,88.0,24.863636363636363
Horace Grant,4,13230.0,387,3307.5,96.75,34.18604651162791
Craig Hodges,2,1744.0,163,872.0,81.5,10.699386503067485
Dennis Hopson,1,746.0,66,746.0,66.0,11.303030303030303
Michael Jordan,6,23384.0,602,3897.3333333333335,100.33333333333333,38.84385382059801
Stacey King,3,3951.0,275,1317.0,91.66666666666667,14.367272727272727
Cliff Levingston,2,2416.0,196,1208.0,98.0,12.326530612244898
John Paxson,3,6363.0,278,2121.0,92.66666666666667,22.888489208633093
Will Perdue,4,3964.0,320,991.0,80.0,12.3875
Scottie Pippen,6,21595.0,564,3599.1666666666665,94.0,38.28900709219858
Scott Williams,3,3184.0,238,1061.3333333333333,79.33333333333333,13.378151260504202
Bob Hansen,1,878.0,77,878.0,77.0,11.402597402597403
Ricky Blanton,1,13.0,2,13.0,2.0,6.5
Jojo English,1,31.0,6,31.0,6.0,5.166666666666667
Rodney McCray,1,1058.0,71,1058.0,71.0,14.901408450704226
Ed Nealy,1,308.0,41,308.0,41.0,7.512195121951219
Trent Tucker,1,1117.0,88,1117.0,88.0,12.693181818181818
Darrell Walker,1,533.0,46,533.0,46.0,11.58695652173913
Corey Williams,1,242.0,35,242.0,35.0,6.914285714285715
Scott Brooks,1,1248.0,78,1248.0,78.0,16.0
Matt Bullard,1,780.0,75,780.0,75.0,10.4
Sam Cassell,3,5504.0,268,1834.6666666666667,89.33333333333333,20.53731343283582
Mario Elie,3,6336.0,257,2112.0,85.66666666666667,24.653696498054476
Carl Herrera,2,2877.0,153,1438.5,76.5,18.80392156862745
Robert Horry,7,16678.0,668,2382.5714285714284,95.42857142857143,24.96706586826347
Chris Jent,1,140.0,14,140.0,14.0,10.0
Vernon Maxwell,2,5505.0,163,2752.5,81.5,33.77300613496933
Hakeem Olajuwon,2,8048.0,197,4024.0,98.5,40.85279187817259
Richard Petruska,1,92.0,22,92.0,22.0,4.181818181818182
Eric Riley,1,219.0,47,219.0,47.0,4.659574468085107
Larry Robinson,1,55.0,6,55.0,6.0,9.166666666666666
Kenny Smith,2,5587.0,204,2793.5,102.0,27.387254901960784
Otis Thorpe,1,3763.0,105,3763.0,105.0,35.838095238095235
Tim Breaux,1,340.0,42,340.0,42.0,8.095238095238095
Chucky Brown,1,1140.0,62,1140.0,62.0,18.387096774193548
Adrian Caldwell,1,30.0,7,30.0,7.0,4.285714285714286
Pete Chilcutt,1,1670.0,88,1670.0,88.0,18.977272727272727
Clyde Drexler,1,3577.0,98,3577.0,98.0,36.5
Charles Jones,1,273.0,22,273.0,22.0,12.409090909090908
Tracy Murray,1,516.0,54,516.0,54.0,9.555555555555555
Zan Tabak,1,213.0,45,213.0,45.0,4.733333333333333
Randy Brown,3,3160.0,258,1053.3333333333333,86.0,12.248062015503876
Toni Kukoc,3,7448.0,267,2482.6666666666665,89.0,27.89513108614232
Dickey Simpkins,2,1192.0,113,596.0,56.5,10.548672566371682
Ron Harper,5,11346.0,452,2269.2,90.4,25.101769911504423
Luc Longley,3,6143.0,234,2047.6666666666667,78.0,26.252136752136753
Steve Kerr,5,7836.0,412,1567.2,82.4,19.019417475728154
Jud Buechler,3,2378.0,275,792.6666666666666,91.66666666666667,8.647272727272727
Bill Wennington,2,1820.0,153,910.0,76.5,11.895424836601308
Jason Caffey,2,2121.0,149,1060.5,74.5,14.234899328859061
Jack Haley,1,7.0,1,7.0,1.0,7.0
Bison Dele,1,474.0,28,474.0,28.0,16.928571428571427
Scott Burrell,1,1357.0,101,1357.0,101.0,13.435643564356436
Jaren Jackson,1,1206.0,64,1206.0,64.0,18.84375
Avery Johnson,1,2325.0,67,2325.0,67.0,34.701492537313435
Tim Duncan,5,16341.0,458,3268.2,91.6,35.67903930131004
Jerome Kersey,1,851.0,59,851.0,59.0,14.423728813559322
Malik Rose,2,3295.0,167,1647.5,83.5,19.730538922155688
Sean Elliott,1,2083.0,67,2083.0,67.0,31.08955223880597
Antonio Daniels,1,720.0,62,720.0,62.0,11.612903225806452
David Robinson,2,4365.0,153,2182.5,76.5,28.529411764705884
Gerard King,1,77.0,27,77.0,27.0,2.8518518518518516
Derek Fisher,5,12094.0,433,2418.8,86.6,27.930715935334874
Devean George,3,3098.0,225,1032.6666666666667,75.0,13.768888888888888
Kobe Bryant,5,18421.0,472,3684.2,94.4,39.027542372881356
Rick Fox,3,7612.0,304,2537.3333333333335,101.33333333333333,25.039473684210527
Brian Shaw,3,4648.0,269,1549.3333333333333,89.66666666666667,17.278810408921935
Shaquille O'Neal,4,13525.0,360,3381.25,90.0,37.56944444444444
Travis Knight,1,458.0,77,458.0,77.0,5.9480519480519485
Glen Rice,1,3296.0,103,3296.0,103.0,32.0
Tyronn Lue,1,599.0,53,599.0,53.0,11.30188679245283
Mark Madsen,2,1346.0,149,673.0,74.5,9.033557046979865
Greg Foster,1,456.0,63,456.0,63.0,7.238095238095238
Lindsey Hunter,2,2679.0,156,1339.5,78.0,17.173076923076923
Slava Medvedenko,1,746.0,78,746.0,78.0,9.564102564102564
Mitch Richmond,1,716.0,66,716.0,66.0,10.848484848484848
Samaki Walker,1,1894.0,88,1894.0,88.0,21.522727272727273
Duane Causwell,1,0.0,0,0.0,0.0,
Mengke Bateer,1,47.0,12,47.0,12.0,3.9166666666666665
Erick Barkley,1,0.0,0,0.0,0.0,
Stephen Jackson,1,3063.0,104,3063.0,104.0,29.451923076923077
Steven Smith,1,1098.0,62,1098.0,62.0,17.70967741935484
Tony Parker,4,13146.0,397,3286.5,99.25,33.113350125944585
Speedy Claxton,1,795.0,54,795.0,54.0,14.722222222222221
Bruce Bowen,3,9915.0,313,3305.0,104.33333333333333,31.677316293929714
Manu Ginobili,4,9855.0,376,2463.75,94.0,26.210106382978722
Devin Brown,2,1389.0,89,694.5,44.5,15.606741573033707
Danny Ferry,1,701.0,80,701.0,80.0,8.7625
Mikki Moore,1,43.0,8,43.0,8.0,5.375
Kevin Willis,1,934.0,89,934.0,89.0,10.49438202247191
Chauncey Billups,1,3638.0,101,3638.0,101.0,36.01980198019802
Ben Wallace,1,3978.0,104,3978.0,104.0,38.25
Mike James,1,2392.0,103,2392.0,103.0,23.223300970873787
Darvin Ham,1,589.0,76,589.0,76.0,7.75
Mehmet Okur,1,1834.0,93,1834.0,93.0,19.72043010752688
Tayshaun Prince,1,3497.0,105,3497.0,105.0,33.304761904761904
Tremaine Fowlkes,1,261.0,36,261.0,36.0,7.25
Rasheed Wallace,1,3195.0,91,3195.0,91.0,35.10989010989011
Darko Milicic,1,173.0,42,173.0,42.0,4.119047619047619
Richard Hamilton,1,3702.0,101,3702.0,101.0,36.65346534653465
Corliss Williamson,1,1899.0,101,1899.0,101.0,18.801980198019802
Elden Campbell,1,1016.0,79,1016.0,79.0,12.860759493670885
Nazr Mohammed,1,2464.0,100,2464.0,100.0,24.64
Glenn Robinson,1,270.0,22,270.0,22.0,12.272727272727273
Sean Marks,1,244.0,23,244.0,23.0,10.608695652173912
Rasho Nesterovic,1,1898.0,85,1898.0,85.0,22.32941176470588
Mike Wilks,1,278.0,48,278.0,48.0,5.791666666666667
Beno Udrih,2,2358.0,182,1179.0,91.0,12.956043956043956
Brent Barry,2,4151.0,198,2075.5,99.0,20.964646464646464
Tony Massenburg,1,727.0,70,727.0,70.0,10.385714285714286
Dorell Wright,1,132.0,20,132.0,20.0,6.6
Dwyane Wade,3,9556.0,261,3185.3333333333335,87.0,36.61302681992337
Derek Anderson,1,1113.0,51,1113.0,51.0,21.823529411764707
Antoine Walker,1,3061.0,105,3061.0,105.0,29.152380952380952
Gary Payton,1,2865.0,104,2865.0,104.0,27.548076923076923
Jason Kapono,1,667.0,52,667.0,52.0,12.826923076923077
Wayne Simien,1,421.0,45,421.0,45.0,9.355555555555556
Alonzo Mourning,1,1528.0,86,1528.0,86.0,17.767441860465116
Udonis Haslem,3,6953.0,286,2317.6666666666665,95.33333333333333,24.31118881118881
James Posey,2,4915.0,189,2457.5,94.5,26.005291005291006
Shandon Anderson,1,728.0,61,728.0,61.0,11.934426229508198
Michael Doleac,1,443.0,39,443.0,39.0,11.35897435897436
Jason Williams,1,2560.0,82,2560.0,82.0,31.21951219512195
Melvin Ely,1,309.0,30,309.0,30.0,10.3
Michael Finley,1,2361.0,102,2361.0,102.0,23.147058823529413
Fabricio Oberto,1,1780.0,99,1780.0,99.0,17.97979797979798
Jacque Vaughn,1,968.0,84,968.0,84.0,11.523809523809524
Matt Bonner,2,1504.0,148,752.0,74.0,10.162162162162161
Francisco Elson,1,1563.0,90,1563.0,90.0,17.366666666666667
James White,1,137.0,6,137.0,6.0,22.833333333333332
Jackie Butler,1,103.0,11,103.0,11.0,9.363636363636363
Leon Powe,1,1079.0,79,1079.0,79.0,13.658227848101266
Kevin Garnett,1,3315.0,97,3315.0,97.0,34.175257731958766
Rajon Rondo,2,4516.0,167,2258.0,83.5,27.04191616766467
Glen Davis,1,1077.0,86,1077.0,86.0,12.523255813953488
Gabe Pruitt,1,95.0,15,95.0,15.0,6.333333333333333
Ray Allen,2,6219.0,201,3109.5,100.5,30.940298507462686
Paul Pierce,1,3864.0,106,3864.0,106.0,36.45283018867924
Tony Allen,1,1438.0,90,1438.0,90.0,15.977777777777778
Kendrick Perkins,1,2543.0,103,2543.0,103.0,24.689320388349515
Brian Scalabrine,1,512.0,48,512.0,48.0,10.666666666666666
Eddie House,1,1645.0,99,1645.0,99.0,16.616161616161616
Scot Pollard,1,173.0,22,173.0,22.0,7.863636363636363
P.J. Brown,1,550.0,43,550.0,43.0,12.790697674418604
Trevor Ariza,1,2721.0,105,2721.0,105.0,25.914285714285715
Luke Walton,2,1866.0,131,933.0,65.5,14.244274809160306
Jordan Farmar,2,3227.0,190,1613.5,95.0,16.98421052631579
Adam Morrison,2,965.0,85,482.5,42.5,11.352941176470589
Lamar Odom,2,6303.0,206,3151.5,103.0,30.597087378640776
Sun Sun,1,28.0,10,28.0,10.0,2.8
Shannon Brown,2,2777.0,174,1388.5,87.0,15.959770114942529
Pau Gasol,2,7246.0,192,3623.0,96.0,37.739583333333336
Andrew Bynum,2,4384.0,161,2192.0,80.5,27.229813664596275
Sasha Vujacic,2,2194.0,180,1097.0,90.0,12.188888888888888
Josh Powell,2,1397.0,150,698.5,75.0,9.313333333333333
DJ Mbenga,2,564.0,82,282.0,41.0,6.878048780487805
Metta World Peace,1,3444.0,100,3444.0,100.0,34.44
Shawn Marion,1,2943.0,101,2943.0,101.0,29.138613861386137
Jason Kidd,1,3397.0,101,3397.0,101.0,33.633663366336634
Rodrigue Beaubois,1,496.0,28,496.0,28.0,17.714285714285715
Caron Butler,1,867.0,29,867.0,29.0,29.896551724137932
Tyson Chandler,1,2739.0,95,2739.0,95.0,28.83157894736842
J.J. Barea,1,2059.0,102,2059.0,102.0,20.186274509803923
Corey Brewer,1,1533.0,75,1533.0,75.0,20.44
Peja Stojakovic,1,967.0,52,967.0,52.0,18.596153846153847
Dominique Jones,1,135.0,18,135.0,18.0,7.5
Ian Mahinmi,1,521.0,62,521.0,62.0,8.403225806451612
Jason Terry,1,3248.0,103,3248.0,103.0,31.533980582524272
Brendan Haywood,1,1606.0,90,1606.0,90.0,17.844444444444445
Brian Cardinal,1,655.0,65,655.0,65.0,10.076923076923077
Dirk Nowitzki,1,3330.0,94,3330.0,94.0,35.42553191489362
DeShawn Stevenson,1,1490.0,93,1490.0,93.0,16.021505376344088
Chris Bosh,2,5651.0,168,2825.5,84.0,33.63690476190476
Juwan Howard,2,265.0,44,132.5,22.0,6.0227272727272725
LeBron James,4,13755.0,369,3438.75,92.25,37.27642276422764
Mike Miller,2,2252.0,138,1126.0,69.0,16.318840579710145
Terrel Harris,1,328.0,26,328.0,26.0,12.615384615384615
Mario Chalmers,2,5362.0,187,2681.0,93.5,28.67379679144385
Ronny Turiaf,1,400.0,29,400.0,29.0,13.793103448275861
James Jones,3,1611.0,178,537.0,59.333333333333336,9.05056179775281
Norris Cole,2,3438.0,185,1719.0,92.5,18.583783783783783
Shane Battier,2,4445.0,182,2222.5,91.0,24.423076923076923
Eddy Curry,1,83.0,14,83.0,14.0,5.928571428571429
Dexter Pittman,1,309.0,38,309.0,38.0,8.131578947368421
Joel Anthony,2,2315.0,157,1157.5,78.5,14.745222929936306
Rashard Lewis,1,839.0,66,839.0,66.0,12.712121212121213
Chris Andersen,1,927.0,62,927.0,62.0,14.951612903225806
Jarvis Varnado,1,58.0,13,58.0,13.0,4.461538461538462
Kawhi Leonard,2,5638.0,173,2819.0,86.5,32.589595375722546
Marco Belinelli,1,2372.0,103,2372.0,103.0,23.02912621359223
Danny Green,3,7291.0,284,2430.3333333333335,94.66666666666667,25.672535211267604
Cory Joseph,1,1023.0,85,1023.0,85.0,12.035294117647059
Damion James,1,50.0,5,50.0,5.0,10.0
Patty Mills,1,1878.0,104,1878.0,104.0,18.057692307692307
Jeff Ayres,1,1017.0,90,1017.0,90.0,11.3
Aron Baynes,1,592.0,67,592.0,67.0,8.835820895522389
Tiago Splitter,1,1787.0,82,1787.0,82.0,21.79268292682927
Austin Daye,1,154.0,23,154.0,23.0,6.695652173913044
Boris Diaw,1,2578.0,102,2578.0,102.0,25.274509803921568
Ognjen Kuzmic,1,72.0,16,72.0,16.0,4.5
Brandon Rush,1,278.0,36,278.0,36.0,7.722222222222222
Marreese Speights,1,1274.0,86,1274.0,86.0,14.813953488372093
Justin Holiday,1,668.0,64,668.0,64.0,10.4375
Andre Iguodala,4,7808.0,307,1952.0,76.75,25.433224755700326
David Lee,1,1011.0,62,1011.0,62.0,16.306451612903224
Klay Thompson,4,11492.0,341,2873.0,85.25,33.7008797653959
Andrew Bogut,1,2023.0,86,2023.0,86.0,23.523255813953487
Leandro Barbosa,1,1211.0,87,1211.0,87.0,13.919540229885058
James Michael McAdoo,2,660.0,85,330.0,42.5,7.764705882352941
Draymond Green,4,11476.0,352,2869.0,88.0,32.60227272727273
Stephen Curry,4,11840.0,349,2960.0,87.25,33.92550143266476
Festus Ezeli,1,687.0,66,687.0,66.0,10.409090909090908
Shaun Livingston,3,4899.0,281,1633.0,93.66666666666667,17.434163701067614
Harrison Barnes,1,2999.0,103,2999.0,103.0,29.116504854368934
Kevin Love,1,3037.0,97,3037.0,97.0,31.309278350515463
Kyrie Irving,1,2441.0,74,2441.0,74.0,32.986486486486484
Iman Shumpert,1,1683.0,75,1683.0,75.0,22.44
JR Smith,2,3246.0,114,1623.0,57.0,28.473684210526315
Matthew Dellavedova,1,2108.0,96,2108.0,96.0,21.958333333333332
Channing Frye,1,1436.0,87,1436.0,87.0,16.50574712643678
Jordan McRae,1,200.0,24,200.0,24.0,8.333333333333334
Tristan Thompson,1,2891.0,103,2891.0,103.0,28.067961165048544
Sasha Kaun,1,95.0,25,95.0,25.0,3.8
Timofey Mozgov,1,1402.0,89,1402.0,89.0,15.752808988764045
Richard Jefferson,1,1707.0,95,1707.0,95.0,17.96842105263158
Dahntay Jones,1,92.0,16,92.0,16.0,5.75
Mo Williams,1,816.0,54,816.0,54.0,15.11111111111111
Patrick McCaw,3,2678.0,189,892.6666666666666,63.0,14.16931216931217
JaVale McGee,3,2926.0,253,975.3333333333334,84.33333333333333,11.565217391304348
David West,2,2249.0,176,1124.5,88.0,12.778409090909092
Kevon Looney,3,3924.0,244,1308.0,81.33333333333333,16.081967213114755
Damian Jones,2,206.0,33,103.0,16.5,6.242424242424242
Ian Clark,1,1356.0,93,1356.0,93.0,14.580645161290322
Matt Barnes,1,1837.0,86,1837.0,86.0,21.36046511627907
Zaza Pachulia,2,2478.0,161,1239.0,80.5,15.391304347826088
Kevin Durant,2,5735.0,166,2867.5,83.0,34.54819277108434
Jordan Bell,1,982.0,74,982.0,74.0,13.27027027027027
Quinn Cook,2,1448.0,100,724.0,50.0,14.48
Nick Young,1,1599.0,100,1599.0,100.0,15.99
O.G. Anunoby,1,1352.0,67,1352.0,67.0,20.17910447761194
Kyle Lowry,1,3113.0,89,3113.0,89.0,34.97752808988764
Jordan Loyd,1,55.0,12,55.0,12.0,4.583333333333333
Serge Ibaka,1,2510.0,98,2510.0,98.0,25.612244897959183
Malcolm Miller,1,95.0,20,95.0,20.0,4.75
Eric Moreland,1,71.0,13,71.0,13.0,5.461538461538462
Jeremy Lin,1,1463.0,82,1463.0,82.0,17.841463414634145
Jodie Meeks,1,171.0,22,171.0,22.0,7.7727272727272725
Fred VanVleet,1,2352.0,88,2352.0,88.0,26.727272727272727
Norman Powell,1,1492.0,83,1492.0,83.0,17.97590361445783
Chris Boucher,1,167.0,30,167.0,30.0,5.566666666666666
Marc Gasol,1,3171.0,103,3171.0,103.0,30.78640776699029
Pascal Siakam,1,3439.0,104,3439.0,104.0,33.06730769230769
Kyle Kuzma,1,2010.0,82,2010.0,82.0,24.51219512195122
Kentavious Caldwell-Pope,2,5422.0,186,2711.0,93.0,29.150537634408604
Anthony Davis,1,2900.0,83,2900.0,83.0,34.93975903614458
Alex Caruso,1,1685.0,85,1685.0,85.0,19.823529411764707
Talen Horton-Tucker,1,98.0,8,98.0,8.0,12.25
Jared Dudley,1,395.0,54,395.0,54.0,7.314814814814815
Avery Bradley,1,1186.0,49,1186.0,49.0,24.20408163265306
Devontae Cacok,1,9.0,1,9.0,1.0,9.0
Dion Waiters,1,245.0,15,245.0,15.0,16.333333333333332
Kostas Antetokounmpo,1,20.0,5,20.0,5.0,4.0
Dwight Howard,1,1588.0,87,1588.0,87.0,18.25287356321839
Markieff Morris,1,1574.0,79,1574.0,79.0,19.924050632911392
Donte DiVincenzo,1,1885.0,69,1885.0,69.0,27.318840579710145
Elijah Bryant,1,82.0,12,82.0,12.0,6.833333333333333
Jeff Teague,1,1069.0,71,1069.0,71.0,15.056338028169014
Bryn Forbes,1,1627.0,90,1627.0,90.0,18.07777777777778
Bobby Portis,1,1738.0,86,1738.0,86.0,20.209302325581394
Brook Lopez,1,2569.0,93,2569.0,93.0,27.623655913978496
Jordan Nwora,1,305.0,35,305.0,35.0,8.714285714285714
Sam Merrill,1,263.0,38,263.0,38.0,6.921052631578948
P.J. Tucker,1,2037.0,75,2037.0,75.0,27.16
Jrue Holiday,1,2819.0,82,2819.0,82.0,34.3780487804878
Khris Middleton,1,3191.0,91,3191.0,91.0,35.065934065934066
Pat Connaughton,1,2121.0,92,2121.0,92.0,23.054347826086957
Mamadi Diakite,1,176.0,21,176.0,21.0,8.380952380952381
Giannis Antetokounmpo,1,2813.0,82,2813.0,82.0,34.30487804878049
Thanasis Antetokounmpo,1,596.0,70,596.0,70.0,8.514285714285714
Justin Jackson,1,592.0,39,592.0,39.0,15.179487179487179
Axel Toupane,1,71.0,12,71.0,12.0,5.916666666666667
Jonathan Kuminga,1,1323.0,86,1323.0,86.0,15.383720930232558
Gary Payton II,1,1451.0,83,1451.0,83.0,17.481927710843372
Damion Lee,1,1381.0,79,1381.0,79.0,17.481012658227847
Chris Chiozza,1,372.0,34,372.0,34.0,10.941176470588236
Jordan Poole,1,2888.0,98,2888.0,98.0,29.46938775510204
Moses Moody,1,712.0,65,712.0,65.0,10.953846153846154
Nemanja Bjelica,1,1292.0,86,1292.0,86.0,15.023255813953488
Quinndary Weatherspoon,1,73.0,11,73.0,11.0,6.636363636363637
Andrew Wiggins,1,3097.0,95,3097.0,95.0,32.6
Otto Porter Jr.,1,1767.0,82,1767.0,82.0,21.548780487804876
James Wiseman,1,0.0,0,0.0,0.0,
Juan Toscano-Anderson,1,1043.0,87,1043.0,87.0,11.988505747126437
Christian Braun,1,1428.0,95,1428.0,95.0,15.031578947368422
Michael Porter Jr.,1,2451.0,82,2451.0,82.0,29.890243902439025
DeAndre Jordan,1,600.0,43,600.0,43.0,13.953488372093023
Reggie Jackson,1,1675.0,74,1675.0,74.0,22.635135135135137
Peyton Watson,1,200.0,28,200.0,28.0,7.142857142857143
Jack White,1,66.0,17,66.0,17.0,3.8823529411764706
Bruce Brown,1,2811.0,100,2811.0,100.0,28.11
Thomas Bryant,1,1083.0,60,1083.0,60.0,18.05
Ish Smith,1,410.0,47,410.0,47.0,8.72340425531915
Nikola JokiÄ‡,1,3112.0,89,3112.0,89.0,34.96629213483146
Collin Gillespie,1,0.0,0,0.0,0.0,
Zeke Nnaji,1,740.0,58,740.0,58.0,12.758620689655173
Jamal Murray,1,2932.0,85,2932.0,85.0,34.49411764705882
Vlatko Cancar,1,899.0,65,899.0,65.0,13.830769230769231
Jeff Green,1,1434.0,76,1434.0,76.0,18.86842105263158
Aaron Gordon,1,2768.0,88,2768.0,88.0,31.454545454545453
